Study ID,Group,Image,Average Pixel Int,Homogeneity,Dissimilarity,Contrast,Correlation,Energy
FGR173-1,FGR,13_FGR173-1_1_35.1_Plac_1_segmented.jpg,52.32780003816065,0.9735379976045929,0.18335419274092615,2.4652096370463075,0.9882221689603249,0.9669903795973086
FGR173-1,FGR,13_FGR173-1_1_35.1_Plac_2_segmented.jpg,53.21691321322397,0.9644611873104474,0.23534418022528156,2.6396276595744674,0.9899297065558494,0.9560349479686577
FGR173-1,FGR,13_FGR173-1_1_35.1_Plac_3_segmented.jpg,75.57076994006454,0.9913962851901981,0.07364518147684603,1.5939173967459321,0.9872117847702733,0.9896511649768586
FGR173-1,FGR,13_FGR173-1_1_35.1_Plac_4_segmented.jpg,54.057525175886326,0.9802099129428693,0.17832603254067578,2.788848560700875,0.9806221582260933,0.9770902833578077
FGR183-1,FGR,13_FGR183-1_1_34.0_Plac_1_segmented.jpg,42.02786198931717,0.9827095084762334,0.13127972465581977,2.1371026282853567,0.9813970743355397,0.9785327145891282
FGR187-1,FGR,13_FGR187-1_1_35.3_Plac_1_segmented.jpg,49.31482802911374,0.9814596233934538,0.13596996245306633,1.6762421777221526,0.9854475168131148,0.9778193552367713
FGR190-1,FGR,13_FGR190-1_1_36.0_Plac_1_segmented.jpg,45.305323255065936,0.9699114988812184,0.19612015018773465,2.527268460575719,0.9879456175101092,0.9608015899352862
